<beans:beans xmlns="http://www.springframework.org/schema/security"
	xmlns:beans="http://www.springframework.org/schema/beans" xmlns:xsi="http://www.w3.org/2001/XMLSchema-instance"
	xsi:schemaLocation="http://www.springframework.org/schema/beans
    http://www.springframework.org/schema/beans/spring-beans-4.0.xsd
    http://www.springframework.org/schema/security
    http://www.springframework.org/schema/security/spring-security-4.0.xsd">

	<http auto-config="true" use-expressions="true">
		<intercept-url pattern="/welcome/**" access="permitAll" />
		<intercept-url pattern="/checkbox" access="hasRole('ROLE_TESTER')" />
		<intercept-url pattern="/checkbox" access="hasRole('ROLE_DEVELOPER')" />

		<form-login login-page="/login" default-target-url="/checkbox"
			authentication-failure-url="/loginError" />
		<logout logout-success-url="/logout" logout-url="/j_spring_security_logout" />
		<csrf disabled="true" />
	</http>

	<authentication-manager>
		<authentication-provider>
			<jdbc-user-service data-source-ref="dataSource"
				users-by-username-query= "select Employee_ID,Password,enabled from users where Employee_ID=?"
				authorities-by-username-query="select u.Employee_ID,r.Role_Description from users u, role r where u.Role_ID= r.RoleID and u.Employee_ID=?" />
		</authentication-provider>
	</authentication-manager>

	<beans:bean id="dataSource"
		class="org.springframework.jdbc.datasource.DriverManagerDataSource">
		<beans:property name="driverClassName" value="com.mysql.jdbc.Driver" />
		<beans:property name="url"
			value="jdbc:mysql://localhost:3306/checklist" />
		<beans:property name="username" value="root" />
		<beans:property name="password" value="root" />
	</beans:bean>

</beans:beans>
